email,subject,message

x@x.com,would like to find out,"hey I ordered a suite like 45 days ago.where is my staff!"
x@x.com,would like to find out,"hey I ordered a suite like 45 days ago.where is my staff!"
x@x.com,would like to find out,"hey I ordered a suite like 45 days ago.where is my staff!"
zakineno1@gmail.com,Request,"hey
I ordered a suite like 45 days ago where is my staff!"
zakineno1@gmail.com,Request,"hey
I ordered a suite like 45 days ago where is my staff!"
zakineno1@gmail.com,Request,"hey
I ordered a suite like 45 days ago where is my staff!"
zakineno1@gmail.com,Request,"hey
I ordered a suite like 45 days ago where is my staff!"
x@x.com,Crazy,maxad tidhi xaaji
